day_1,day_2,day_3,day_4,day_5
590.3933800337968,595.6281397038252,594.7145969788685,602.3456050494549,595.9038831431914
588.4214394207476,593.3276572081957,592.2292789011818,599.6082265145462,593.8186154395628
599.5778308922794,604.0472347020636,603.8164117908533,609.6057766809913,605.7646694217584
598.6752187744662,602.8655802679536,602.8263548158922,609.0209563741682,604.2843435329977
601.236919803573,605.9750589907861,606.351918752391,612.0150400537186,607.3520036567286
602.9689286661257,607.7613434056263,608.1192961710913,613.7501180206793,608.9693232058899
607.1252838262778,611.353196714877,611.8954434557386,617.4546911645568,612.826432480085
598.1203673695111,601.6957098817851,601.4596022025564,608.7515809161409,602.4313430250069
611.2907970626853,614.5884594814747,615.3698009443581,620.6174114633254,616.8463355864969
616.6040240491598,620.241618502718,621.5626956210382,626.3946148220921,622.4849861141744
612.5346542011105,616.3336474394272,617.1926191902816,623.1004318157868,617.7284651251584
614.4532875889315,618.1446980497321,619.0028984214039,624.7467191151105,619.4953173495213
606.3959366027798,609.1036744822811,609.0340862325988,616.1782719772237,609.9991964765419
616.0080597749937,618.2701210223908,619.0553522058342,624.2861729183334,620.3063487047809
617.4879261187093,620.3532715363474,621.4317252831927,626.4238615817462,621.9823258964809
615.1382887155801,618.4756525437991,619.3559274899573,624.6444867549051,619.6477878305469
623.4990050807714,627.001690238955,628.8485197134835,632.7342356667343,628.8305318074335
619.2282396167194,622.5782081090317,623.5413981111793,629.1696924630196,623.2078012331033
626.3029848225693,629.3003509667273,630.5937076714358,635.427908185392,630.6189990612379
618.4385442814096,621.2344327479495,621.6654367632578,627.8983939204744,621.7021675422175
623.2661962784734,625.523809786327,626.3196105058071,631.4550427968079,626.367994034124
622.034205249605,624.2739457376699,625.290131130908,630.2723379740233,625.082186998013
624.188240586764,626.825060818417,628.0455960458047,632.4503845397874,627.6226504811083
620.4055776098704,623.2035996784055,624.1257752852803,628.7982159433711,623.3828550706295
620.910026770775,623.7229348163057,624.8253013178178,629.2381646747352,623.9707937188298
626.9444604685204,630.1529383239199,631.8790879871478,635.098201027876,630.6907045005921
621.6411957621303,624.8238406210673,625.9741311058513,630.4609155657331,624.4562045850099
612.2888632512893,614.9787609356481,615.586279485233,620.8561287019172,614.050923077325
629.7295496265014,632.5221228037876,634.7128068582912,636.9134531928788,633.3535710889068
633.5612854492794,637.0003728556896,639.2965717350062,642.0792975184695,637.2690918207953
620.1115344303166,623.7436635803031,624.770024613825,629.777818268557,622.1450212547594
630.3535953853859,633.7122624089085,635.4625874239719,638.8718536394216,633.3318904101734
626.8118160737251,629.5022389524212,630.5997145816679,635.1390020629492,628.5890572985713
631.4344945683639,634.0515707754018,635.4312398869688,639.3266062861662,633.4445938324773
631.9704389771789,635.0120691565711,636.5502648963648,640.2513914524042,634.2427743387979
630.2804292492813,633.1338100834244,634.3566922730065,638.5149348503081,632.2059722251013
625.8885244288837,628.2578402073358,629.5198493750413,633.8345178032207,627.3287057754927
623.7962322509946,626.21320941555,627.1939606033484,631.409252415531,625.0486073850766
619.1954149706428,621.5229285623165,622.2143633195961,626.4063660453875,620.4369087345505
615.0423422750983,617.2131510064025,618.2769157241286,622.0149043577119,616.7178435094302
614.7894940263707,617.5967726450992,619.2712070784337,621.9675548057465,617.3489629795442
608.1203629720887,611.2235229505515,612.8586826948552,615.6831286034819,610.7876116506548
613.3047532227126,616.883263313333,619.2862079416906,620.7087624533565,617.0380971688762
620.1202329615269,624.4831372071158,627.4911549489256,628.445301761079,624.777377334546
611.6950489914412,616.0954061582034,618.1089191855087,621.1929752199549,615.3362213314218
616.3230614910674,620.3689453048489,622.6099659541109,625.0745224431541,620.2893291257902
620.2686167741159,624.0841372217321,626.1812546225945,628.958121206733,624.0374113380421
623.3543961024811,626.984966081779,629.0437607083468,632.0231881834239,626.9690625407549
622.5471559938434,626.4347757765668,628.2174987173076,631.7656131856612,626.171637001294
628.6117391290102,632.3543068007212,634.2178440201027,637.7533209997167,632.4114873341866
630.9952843915365,634.4856438951183,636.213779449434,640.2316310154661,634.515941043447
622.0452671553328,625.4470165268309,625.8838961537868,631.6837977553154,624.6343275269444
633.3174639782227,636.5076420934344,637.6276354298896,641.6877323154222,636.8477054267876
637.1752297453394,640.4949995632613,641.6242986868792,646.140182195508,640.5224245550583
629.3566944717177,632.6694069907331,633.0096344473167,639.1547036146633,631.9693721761814
632.58614727596,635.7850731593511,636.2597667785872,641.5584032098806,635.5035197576294
638.5250448412996,641.487370675771,642.2477043651653,647.173502053998,641.6016496810864
635.4655088174727,638.5492694301042,638.9580839846647,644.4404399600486,638.0791056120265
644.0318223533645,647.3705319920726,648.4213966238906,653.0152222546282,647.5430583318511
658.5030107089377,661.7929921605452,663.7966577940274,667.451091291023,662.4920586480376
647.6871749404502,650.7952750281474,651.4350273801796,657.9437443890853,649.5548973022064
643.7908073895474,645.9912896009048,645.9638153721387,652.9133509655295,644.8169058259007
653.3425496253036,654.6529423213259,655.053452240429,660.5553552925516,654.7614113642859
658.4183887713523,659.7316207992603,660.5165237362429,665.7070686080062,659.9493959136552
653.4136478087054,655.461167169346,656.0382244473719,661.7160840147877,654.8456065814723
664.6220827565917,666.7740993780169,668.336503294292,672.665581742099,667.2994742507954
652.2199303171622,654.0828110436221,654.385043972372,660.8031157211374,652.8941813722208
663.4502264793355,664.8811841003969,665.9470003585028,670.7083958074611,664.7898331103659
657.5178281939188,659.1207541357755,659.3826948114664,665.2760153557289,658.0772258123557
672.4771026243275,673.7947988041018,675.3661310241098,679.4693923192331,674.2137069373308
680.4487648718963,682.3193593901842,684.6150002505175,688.4038999101656,682.4970063747505
671.2681709093278,673.2137040946085,673.8302330095414,680.3728907024904,671.3082826268333
673.126899318059,674.160629484625,674.5646516408583,680.7464351748415,672.7240752614075
683.7883771883714,683.9009493120911,684.8502873135942,690.2109295013263,683.4716357660557
679.9037936854102,679.9742682005366,680.2502085877792,686.692521337672,678.447232840409
681.1275457281135,681.1547081227418,681.9661497860774,687.5901441092817,680.1449727724578
681.8353928084314,682.231783234452,683.0456539215972,688.2411881395641,681.0555284546215
669.9662469719932,669.8762417924513,669.824641448819,676.0434840082225,667.6324146359498
675.9353267994003,675.7755692469457,676.4718620518447,680.9974780680351,674.6591537969127
669.7258556764515,670.0890439729656,670.4676106161666,675.2205865434062,668.4809973863211
667.2780397569073,667.8273766213215,668.4614995465515,672.777480960574,666.4716202644214
676.4051623710171,677.7401571392738,679.8668823708972,681.8765220899654,677.149855116556
662.5010526010626,664.6704170479394,665.3223473436659,669.5555614126063,662.062613803418
672.5619215097893,674.2605477072821,675.969973213334,678.4432938828797,673.1263248867526
667.7181690238249,669.623574079277,670.7686126206886,674.4176957003735,667.5520106653853
667.5972922646479,669.308030756543,670.255563402512,673.8383735217684,667.1335949018473
673.4869856855189,675.1285298234845,676.8610638803744,679.373314580167,673.8260150425206
673.5533571198857,675.6799182282787,676.9920013935739,680.2071918890958,673.5129828052115
676.9941842325379,679.0612834945632,680.5243928564566,683.6653011779074,677.2284209069403
682.5204759966953,684.6118654968172,686.0976238645035,689.4903956952996,682.8591606949133
678.663301073208,680.6545589904733,681.200679039572,686.1667033321717,678.0637425002965
677.0517258371101,678.3968141840354,678.6585414995268,683.8893950366721,675.8037163809563
672.6617412585081,673.6893003916117,673.3264731662046,678.9828654150863,670.936428623755
670.4983673095403,671.2220851062362,670.789357797009,676.1720253222584,668.8973287848331
691.2133777801814,692.5458614630131,694.2334749917474,696.6386352837151,692.0353069179384
688.7287326077392,691.4178753252384,692.5336506946727,696.6230107521826,689.3529917268232
676.6184405088995,679.3151821319653,678.9537663663393,685.430709117843,675.8374437048
674.764307550619,676.2368539982596,675.6142853484484,681.8896847730421,673.1150824454714
685.0097330319111,685.6414433456546,685.297358993157,690.3984567043617,683.7824523397546
686.5686903603482,687.441514111847,687.4905705454084,692.4971168635896,685.7469089334985
687.0726635638847,688.7930032647571,689.0872269798645,693.8732573257032,686.9240007418039
683.7642838981512,685.413968548344,685.615035917886,690.9083055195458,683.458407433687
685.5453656065885,686.7111985612896,686.900842953997,691.8850028635538,684.8320203980527
689.0936113735263,690.3181676200584,690.2292948908062,695.4234997106068,688.4768034491017
689.3954668188463,690.6257673784419,690.3344978814814,695.8912509171979,688.9457035183053
674.2958834387834,675.2336343402217,673.8869211733156,681.069462516881,672.4517455852333
680.1672771194667,680.5911089496074,680.2234893258728,685.2276886818595,679.4596105747022
673.6282793745554,674.4755819637296,673.7701639072213,678.9057931460985,672.727357726015
675.4056190733398,676.8843857914119,676.6386769032058,680.7774216407379,675.5119545143048
692.1312533584202,694.575442154573,696.0112249986078,698.2175335846437,694.6330494084373
684.8941902777217,688.2382667460633,688.6110070145857,693.4848104640332,686.289467508498
683.6125847963085,686.5180911684213,686.3852990627186,691.8320567094323,684.3242559478944
693.8770978092941,695.8663041861797,695.8676171720227,700.9028850555209,694.4971553736804
697.1335652972574,698.594951365232,698.0965747638515,704.0632091551258,696.623995491565
699.4522326468134,700.6438329486846,700.1531373144862,706.7312292128747,698.9017633321096
703.0451199324153,704.2414798079677,703.7076197641786,710.477374771008,702.5317096431319
716.7008291931854,717.4291752649783,717.480053466397,723.472291081611,716.4880926619633
704.8139088108968,705.7723884763324,704.1209805322206,712.9654829436113,702.8146580923119
714.1862315311985,714.8008730289821,713.2471184069482,721.0387702954332,712.6411754403749
708.7288058745098,708.5509947667131,706.1150449567256,715.4592697799858,705.6428952475603
716.7865343440915,715.916845346293,714.3606945250954,722.2127765870074,714.0962920009488
708.0000659069641,707.9527327673218,705.8442088019478,714.3387348368702,705.0201460621959
709.0327292725326,708.6672268384702,706.7026717707881,714.40382611004,706.1719628930223
707.7544719050193,707.7019852959429,705.8197216159747,713.0359902833837,705.1781639084084
714.7797011322627,714.9970002892895,713.6746594220954,720.0162497455024,713.0391414494071
717.1294862462993,717.7573889010978,716.6842527469169,723.0041788039132,715.4950158195632
706.8032136617206,707.4877060063551,705.7655937745944,713.2478077245157,704.0539197802863
713.0169191640132,712.9943686321587,711.9089888849912,717.8742446411304,710.5200468109076
709.5547067944422,709.1866112133396,707.6439513216795,714.2180386132468,706.3142249091181
703.5327628745288,703.2983292522499,701.4461001234419,707.9059248220165,700.0660535284451
704.6214250863038,704.258811221096,703.2308089552705,708.3036938831723,701.8865740491432
701.8701617261049,701.853092910145,700.8979285339633,705.9303078486066,699.4553181635446
716.757189110499,717.5033917897574,718.3487905494592,720.7322865750164,716.4814620834559
710.8561711867317,713.0414391746324,712.7936459214005,717.3605717546783,709.8747142690424
701.8878870349863,703.5435293584419,702.3097165617162,708.6363060218661,699.4919504685661
704.5194717355901,704.9338828923067,703.9576122686976,709.5875970898107,702.1153618322968
713.841244500934,713.9919424510714,713.3192013297323,718.2671884793128,711.6715353952734
723.0262697907228,724.0156046234703,723.8459668525466,728.2357380709492,721.8665422201918
705.4720101400858,707.2839306035119,705.3337527308113,712.896780959373,702.4044813149392
700.1191638057969,700.7192639853686,698.3409542538915,706.1155373264166,696.4219926196097
719.4442802876183,719.0255034529735,718.2853076839472,723.2117290410554,717.430356952237
715.3683783349998,716.2720408414874,714.6286421110184,720.953360566342,712.8255186527408
707.0720475130877,708.9297583577904,706.7427834882936,713.643213411154,704.8021247629554
713.8620881511924,715.1409691869814,713.901740323653,719.6055477737924,712.4240075819323
696.303791069088,696.812212012168,693.9929688099444,702.1582308200727,692.0666216302955
704.5107403797338,704.5937867343074,702.6354355247338,708.5968507972821,701.8850641154237
703.977897899973,705.0439111059552,703.1686062509553,708.5636650800986,702.2705567589468
707.4331186199297,709.2214381628269,707.8931232100467,712.8016223103971,706.6960411922806
695.6521233705301,698.1757149855421,696.5742333281128,702.5310203255642,694.3705835384092
700.4464255271803,702.7342705340703,701.006282690662,706.4267806205146,699.5215582993271
694.315667905523,696.1131455246755,693.895939156142,700.0670054431813,692.6466331264683
698.964983600453,700.7394183180596,699.1033723083117,704.0203073427039,697.9126254472385
690.4140155866019,692.5640791415857,690.467634645968,696.3796160015249,689.0569790685049
689.9251253079376,691.6972458879959,689.9654832102888,695.3337899528797,688.8579960639887
682.6042116688366,684.6301160000357,682.6887187201608,688.1071322849874,681.4050288737217
689.0884907287384,691.3820636363688,690.1002612070791,694.1254819061555,689.2044602033268
690.6101100222634,693.741105300599,692.7542323163073,696.913443220668,691.6017589925592
685.0805522058213,688.7207562187426,687.3469627188234,692.5031237738215,685.9293811410381
686.2156120548257,689.4632497129944,688.1363298076726,693.438002518728,687.0956408161383
677.0055579724035,679.5527669202675,677.4699610650946,683.9180837773431,676.4916224887827
679.5076658565583,681.9878961141031,680.0479102940094,685.6606457636094,679.6779272957574
678.3923172075229,680.9766015931305,679.1172002791545,684.7640405560281,678.9564415749946
694.3888012169816,697.8311218510304,697.2153971399263,701.1053474725211,696.874381891837
676.6402853108635,680.9650144930654,678.985310851219,685.8199109463728,677.728668513147
691.8444972502954,695.7962892160983,694.7549273193196,699.9007486108035,694.1587989219231
695.2825835050003,699.1560558652645,697.6367014723189,703.9795719569229,697.0285264298125
697.1016269166249,700.3868159699052,698.1382948890148,705.8613104425538,698.0123467220191
708.9536547001342,712.072685394975,710.4500646654724,717.489966509512,710.4252492330386
708.6827528960644,711.1591754946644,708.7983284749,717.8162106668669,708.8843290476206
712.9827158828015,714.8286098549167,712.1119764963287,721.2938834447402,712.428537383091
713.9672583172219,715.4440719688523,711.9943329647901,722.2679548170621,712.8671403039659
724.762824866757,725.7890546016946,722.3360003083787,732.1554603575355,723.7426020420515
729.2781831810485,730.1915289581289,727.1431697262909,737.0911054401911,728.2529053608472
724.1340687711606,724.8680278574325,720.850028580493,732.2805550837331,721.7935402073176
720.6671953018465,720.263484979751,715.8786702829059,727.381148410346,717.1393336401222
725.5206802953726,724.5148674902947,720.5459410592398,730.6622672075127,722.0258074029553
721.213200464684,720.2493047326459,716.0853670792501,726.1161850244936,717.1687445230068
722.4276467202246,721.4863999939791,718.0685008966113,727.1603370161889,719.37725236033
729.0641664886293,728.6470308862885,726.503942568596,733.7174211410885,727.1806554721104
722.4978914628284,722.7150593212709,720.0103084845624,728.1379862749332,719.9587081409301
724.4434738850782,724.7223520781447,722.2903084010402,729.6898370674946,722.0634900966512
726.2021527725681,726.0060255122607,723.8717013750706,731.1075007068952,723.5563550002131
732.7780454196695,732.0340419916982,730.3929738111007,737.145889774493,730.1613302837384
716.0498179875491,715.2621249556499,712.5611489532403,721.2745825528472,711.5771317131571
720.0421155666106,719.0013116888151,716.7744548743352,723.2640515269013,716.2195870570571
722.4170115348958,721.5315667069806,719.9055978635782,725.4937969102359,719.2882319201703
728.0141060606402,727.8665592765261,726.8135446303901,731.6839999659378,725.5954876637811
719.2106016321992,720.0082077072136,718.3744922473371,724.8683889285393,716.5575496130614
708.926968262874,709.5425616753937,707.1997025616794,714.242985344265,705.5180302938851
719.594617166649,719.5562451553853,718.3362515346579,722.8919185143313,717.1311931278954
712.7035094432742,713.1535025163378,711.2113338572799,717.1282717343945,709.4475343250022
705.0388232858134,706.0502491053704,703.7367680498945,709.8316811580362,701.9132933110495
702.6134430118625,703.5031878684138,701.551631360578,707.0591474271796,700.1314402234295
701.8474798956661,702.9910577403273,701.219380292991,706.0036052832957,699.4951016345894
695.8850142344434,697.8434967426012,696.0178884017612,700.6531879728165,693.9441913858745
680.6646361568188,683.0999294738848,680.2822126177039,686.0174496664615,678.4109287818483
691.6962611486135,694.1038176397449,692.9899789244291,695.8807470304534,691.4303486907475
694.5766238418316,697.9193544996842,697.4557063738528,699.8595208553313,694.9635935944282
692.9382472822124,697.1409508426246,696.4648616073857,699.7755882353135,693.5782622314132
682.3306838930806,686.6399034300114,685.0424099670804,689.8432606406227,682.1036029915231
686.5407401742141,689.7186582841161,688.0670369798049,692.7184206274377,685.9414934354404
687.1630298145335,690.1676009685052,688.3037683273091,693.2290079971585,686.5504234448066
689.9573262857388,693.4679714205959,691.609374310449,696.6100778416285,690.0030510177235
691.0966533387332,694.9768875760892,693.4006152468469,698.349357363287,691.635568378018
684.0892478943092,687.8965621804064,685.7140022258068,691.8627149288678,683.968633732301
687.8314709072365,691.3117532444728,689.2098926822525,695.1161953740382,687.9832520706946
690.9135246382721,694.3023410992159,691.9642087345366,698.0314506660357,690.9778937692281
699.2499343530435,702.6713785121876,700.6767560686994,706.7492171189247,699.9740132208465
699.4432058691423,702.9455956055112,700.9191660799748,707.6109625523726,699.9791338656344
704.2639646905302,707.6411940514091,705.3670369219329,712.8228598564086,704.7071302372098
704.7106424743399,707.5254543493431,704.8058011233159,712.9556683744345,704.3094268253462
716.6034384682764,718.6271435481883,715.9759625338768,724.2033615990282,716.3287618299078
716.7999267996906,718.5469857624694,715.6058318247176,724.9494986289944,715.9282354984815
712.3990608509141,713.5468730749193,709.970988955985,720.342395428919,710.4629975760265
726.3986082793363,726.7680168462819,724.2382870224536,732.8835110075136,725.4040543278627
728.4276637765588,728.8513971327611,725.7911225543974,735.2449488709073,726.8313355885637
725.1793696254686,725.6063526216325,721.9556939589359,732.4885320412743,722.819244747918
725.2338585379557,725.0632032030037,721.3330432475095,731.8520949784959,722.6882744100724
730.6239280208954,729.7780040668563,726.2281827169068,736.2833893741853,727.987025727627
733.5195869991851,732.7131510943761,729.5000777885261,738.9189786816105,731.1689812689965
733.4649339634676,733.29959622118,729.9328379223994,739.6072786851898,731.3022493320674
736.1194630916789,735.6651699899794,732.6180909193384,741.8706036814608,733.773813883048
747.0988476592429,746.0519055726311,743.7363237398063,752.492560677897,745.1040282678782
750.0759774090947,749.2785682819568,746.6271903197688,756.1341925629226,747.5411269404785
750.7024686041119,749.6583494370626,746.4005689632563,756.6622754690025,747.0505297802182
758.7325258970509,756.7729273509265,753.7536507555124,763.7499371730835,754.7382588392248
753.2656139176461,750.8218846665384,746.6588989278788,758.1789382409697,747.3607883349339
761.007897538432,757.6608996765895,753.9508612291404,764.4466402860584,755.3233253308935
770.5899369225168,767.136455908802,764.3150134552914,773.5632918380697,765.4619394138524
765.4537004276872,762.6119723429013,758.9640053011829,769.5893432361651,758.94303035234
762.9549242451092,759.5734605048863,755.983396138847,766.5834919209963,755.8072262633541
763.7884733075773,759.8277530380415,755.9740082900692,766.1297568382801,755.8515395355574
760.8310055207254,756.3763071523833,752.4273052814968,762.2869755220972,752.0781495211804
758.5881959282524,754.4480233186159,750.8233946002579,759.5798613108713,750.2832322244221
757.1023226743048,753.7263406499767,750.5283666813218,758.2037208487576,749.649060062223
748.6164295213005,745.697760466111,742.4995567249337,749.7945060689882,740.7201654857695
751.1588296585144,748.6852956287692,746.2971713281152,752.011449840353,744.3765028122374
754.4564920773037,752.883141141562,751.0200798795487,755.7794894374194,748.849911228843
745.5450273879169,744.595837097321,742.2185449298722,747.8590992870221,739.1315839142483
756.7994168403102,755.595868367267,754.5169550753767,758.2279454375621,751.780823877019
755.4260008238209,754.7750552674767,753.1410115611395,757.9702719658611,749.6055345815255
761.1144791642425,760.2158716532506,758.7799246859855,763.5637229558911,755.252358446076
755.1612372285674,754.2165110898379,751.8698114925326,758.233492802749,748.001000232011
764.3191493606971,762.2523455204864,760.1157893073632,766.2526523131907,757.32155848545
756.4859742949252,754.4808807893385,751.2438126672065,758.8274219488583,748.2030687532583
765.1428838539882,763.1091016077307,760.3123432880697,766.7646839673389,758.0958262371039
763.2490002493091,761.6292680886612,758.4739005106137,765.4976854534298,755.6996270735151
766.4458910046434,764.5734747184982,761.4754189725004,768.8932966161117,758.9810412924966
758.2993390427787,756.724248400795,752.6596053017806,761.2584152372883,749.9984455950619
757.747294145063,755.5184022025264,751.1597487486044,759.5920064299196,749.1087007385106
763.4477534813026,761.0531955500176,757.3304867891829,764.394613222027,755.6896483811079
755.3475170950519,753.55371583626,749.2565757690855,757.2381510597695,747.1646938992725
759.6759390499374,758.1578648181886,754.4582646081918,761.4987901205069,752.8738189420762
749.7285285303743,748.3713278890468,744.1985275812103,751.9423539603617,742.0841608288348
758.6906088240112,757.2346059979932,754.0013455348061,759.8851961686754,752.5957285405157
748.0161323938523,746.9986011901251,743.2051881416414,750.2494228389633,741.2298665900463
754.9351738910382,753.8663049408472,750.6342918142109,756.5422357383004,749.5331234122805
755.7332066864515,755.2012176474886,752.2527766383078,757.8689751080688,750.831600761777
750.212462287481,749.8384910947308,746.0124175234009,753.1667132590173,744.5049128276889
755.4801614898472,754.9007736619499,751.6753254645289,757.767054582001,750.703781589955
755.5787339020151,755.0623365699387,751.4220504954022,758.4273551624772,750.678112716723
752.1161932859832,751.5743568531975,747.2135041479883,755.2588905506452,746.5228407698914
747.5875081653846,746.9887537963021,742.2869843169419,750.7229511832636,742.024682570144
738.6832977227807,737.9691318980931,732.5361606027313,741.3611651743525,732.2536388739504
745.6380196102517,744.5084907141113,740.2576990471969,747.0336250874889,740.9297180263222
731.8761882687161,731.9314977973551,726.8214225454485,734.8846327309249,726.7025316773592
734.5646580809705,735.2291602161445,730.9945839243918,737.2721990125956,731.1897920946092
729.3678929387758,730.9590348326909,726.6373419302511,733.1401669151861,726.635109854318
733.159008262034,734.9920021482412,731.2621704392079,736.9729038896694,731.1597903680952
727.2121671323439,729.7835842566893,725.5711974256844,732.2735634341188,725.2839161232224
725.8077646499582,728.2782131629722,723.8728502376833,730.8901359005763,724.0108450497892
730.9241750585576,733.2997275197642,729.4551736726934,735.4919871572795,729.6251725147238
730.31124044237,732.7770606802871,728.7644446453044,735.8097625559466,728.6503461755422
730.874215947229,733.5566460246055,729.5294230221185,736.7231083330269,729.5417322643973
733.0250180567496,735.7034107026586,731.4067958298212,739.0587788492505,731.676778543801
722.7918033437979,725.1279990543587,719.6295097654283,729.3011604333021,719.8808480804364
732.6645049688907,734.7823183091042,729.8931201006468,737.6862819228513,731.0653210366868
733.4655904563891,735.8859813841364,730.8109956788855,739.5458965970266,732.0308908256749
724.7806158249306,727.3167464547437,721.5560538929537,731.3699665769234,722.233653061912
725.8367816370899,728.1546940197861,722.679050684525,732.0773048752271,724.0398620369208
726.554098627801,728.645553777215,723.0516104174939,732.1630756754253,724.5101079166136
725.1942391901413,727.3208495355034,721.6214734125842,731.0691943449239,723.2174733541187
726.4848386245794,728.8816942810897,723.6720947022791,732.3983627385019,725.0864430524259
734.2793134326271,736.797357682452,732.0455962671172,740.2737174744822,733.5901271636036
736.943099111032,739.6751928779222,735.1101380494708,743.7830003865272,736.1567518896219
727.0008420609029,729.4943006508166,723.723498098035,734.25226592426,724.3544534449186
737.507354777088,738.7410690998755,733.5399711043985,742.9394726316517,735.3795955691132
745.0945747698082,745.9522499471426,741.2189031582567,750.2119042684977,743.1745955714981
744.1840519122906,745.4191776948593,740.2652487157944,750.2805734280898,741.5756414118168
750.349669308081,751.5628025777785,746.7835997583236,756.4518366630056,748.1735265717895
761.1739574229332,761.7174350880229,757.2806261517926,767.0791769013985,758.9859649894081
764.0664652351998,764.3188539388823,759.3515987220549,770.5384350528227,760.7222574682737
765.5621530583242,765.2267508247139,759.4453130866034,772.2785023659872,761.055952820288
774.3036845549727,772.7501597054613,766.8827542192763,779.5596981833356,769.3880953310697
775.4153240190014,773.0418723351436,766.639129696096,780.4335559111857,769.1277302383904
777.6355174303277,774.6773603259082,768.1501466289383,782.0635950107016,770.6986521503225
777.7410486674639,774.3094945173282,767.4231791922807,781.4352984601502,770.0912648993217
788.4626941140348,784.3993311762174,778.3465977382842,791.0754374677906,781.8074314727202
781.2056900608447,777.5313648283268,770.6816161590086,784.6130524468219,772.893701882754
792.6707480917574,788.5634329528436,782.7066954766335,794.8356319744448,785.6430570160583
792.7041964061095,788.4695216404186,782.5850801629199,794.9954223515454,784.8256576794597
787.0910178037875,782.3972247134238,775.6542217931467,789.1849676263033,777.13569654452
794.304955921325,788.5690131426767,782.9050548128743,794.4562447150919,785.1383452579851
784.2629775964153,778.4220944242603,771.788364750772,784.271840250856,772.8075700114491
793.1967958697803,786.894463823081,781.9069557996243,791.5828080221959,783.6691140995983
794.3913503897985,789.1639926774603,784.5411992965603,793.6771189158187,785.6062277631604
789.2326946616986,784.9514745478712,779.8878461701629,789.4768772038622,779.6960845877837
791.5774576048855,787.0462778111851,782.6245025628579,791.186647368698,782.6207605532052
801.3076674413599,796.6256255742917,792.6939879411796,800.580962601871,792.8877846516157
795.311654991847,790.8978233078703,785.9921799517285,795.5105723470709,784.9912251942699
792.583106286733,787.6152274016301,782.5760205606027,792.228140564061,781.520084520966
803.4961850692223,797.7873554482333,793.4613625171575,801.495916786609,793.1851759450692
809.150361654494,803.5652809492135,799.3828958447227,807.982034026691,799.1874250773367
804.9481176391268,800.1593628476637,795.0360920880344,805.0145218981397,793.8566369052114
811.0155236938563,805.4906762141263,800.4677175729068,810.4570123408636,800.1998684609221
816.7769712225061,810.3217419743821,805.2285057659128,815.6318177948331,805.2312958608293
812.8166776733692,806.1973580195086,800.1623170658106,811.822780214817,799.2956807600972
814.258926972681,806.8574944767541,800.480190938416,812.2702457901328,800.3800757678824
821.8861602089686,813.4011861460544,807.8113130424468,818.3720192493042,808.5464538159774
826.0444191985932,818.0123924268895,812.382276307192,823.0429992106447,813.2498973522877
824.9860869597928,817.5621367566573,811.2931873750179,823.1930734925068,811.6840304358514
822.4666640748326,814.4927369266843,807.3471068976321,820.0635717355676,807.3315480153918
833.7275856317951,824.1369133657922,818.1991974877112,829.3947323496893,819.9851864807367
829.4737084481495,820.0312394591822,812.9170554410713,825.8131695669838,813.690797998388
830.8296945775721,820.772485616883,813.7133157055964,826.2122187893365,814.8440591136418
833.7783981839216,823.2027239384533,816.6122243238478,827.9197240535931,818.1357802714913
839.6218416784707,828.4660246382452,822.2181815040329,833.2608519892326,824.4599078831855
839.9506789828657,829.2478420584968,822.6042321665393,834.4869509941302,824.6554114752175
840.9782873529384,830.1697550682029,823.0858353737747,835.2760883104568,825.2557086026657
843.8107260628848,831.9819053041515,824.7849047039895,837.2437945441623,827.5618369374204
845.1520724001573,832.3639841844827,825.0756325942896,837.7280237230837,828.0746892077204
848.1680993556097,834.9013949754928,827.7234983193474,839.8958289992718,831.0505716210214
840.0964204114457,826.8954637974201,818.7285933796339,832.0971854611724,820.2956419833289
845.2879992595604,830.5585301763338,823.4222551714133,834.8176264787055,826.5509034875545
845.8924651170602,831.9245934721018,825.1166305772392,835.3901539555729,827.877216136924
840.7724768220385,827.9817298100318,820.730863965658,831.418732851416,822.6823219995556
843.2241824621427,830.7883026988696,824.2051886296314,833.2459495999137,826.7345245577067
841.363583048585,829.7720516563394,822.7551270645533,832.2197526896223,824.748239574322
847.0513720714391,835.5024142451547,829.2127196871947,837.756909411631,832.4067546983205
848.2253127137212,837.6305016995902,830.7534101000903,840.3708344526457,834.0478557035642
845.2004887531202,834.6461177029555,826.852135264599,838.105507152964,828.9715898371164
847.3610726071715,835.5765322959955,827.7485435243038,838.8668748187099,830.859597830148
848.5734509100091,836.4987407275165,827.9982077823621,839.7898710417367,831.6559237439653
847.8395574730295,835.8183186389955,827.0284364386762,838.8185569396851,830.3000689131269
848.8455015766917,837.1965927031042,828.2611003727893,840.057556030491,832.147965188653
845.8877383680251,834.8986705298686,825.6605677873739,837.4529860136081,828.9807150887257
843.483661289378,832.8101367739553,823.389135103522,835.1585432528566,826.3083293530487
846.7690472905347,836.5744015367229,827.2599158428081,838.2708777198977,831.1385416725066
846.7766954330705,837.5179788128398,827.5970249580143,839.0394668077804,831.7790818160445
842.6429892787112,833.9666147045247,823.4118825832531,835.9705593474986,826.6825959676137
846.5905796898164,837.885056829914,827.7969927019128,839.2848310372027,831.8125629550426
843.2126281867238,834.8481862242028,823.8005920420917,836.5809336412922,827.1069529920915
845.4191337206362,836.7693142851256,825.830829226573,838.2849594930647,829.8849027895506
846.9824074900323,838.9348218360883,827.8595893019808,840.1543559117708,832.1989090393637
845.8594763477532,837.8485229988307,826.580248721147,839.4329686649462,830.4251308146786
847.4244898233915,839.395187497312,828.0293583714888,840.9837690688332,832.4414831738695
845.5721950452912,837.5633424737175,825.679934328559,839.2401566938925,829.7801265192743
846.697128490981,838.1158797411242,826.3848107784071,839.4561100404302,830.6732194897252
846.1991457853535,837.5955434515187,825.8254459846164,839.2949410281942,830.2899589221354
844.0645590509948,835.7809970164064,823.6245206405371,837.1405610322515,827.8118294419394
844.1754078807953,836.0595797876582,824.115446047258,837.2305333871473,828.7571792489443
838.877214582224,831.0499151280999,818.7389331431481,832.0838586548654,822.3429808084161
839.4451794332867,831.7187829412019,819.8764712529312,832.1344414344694,823.8307250671901
837.8888973135049,830.9552816734611,819.011541828814,831.3558080048873,823.1698336430845
836.214249519971,830.0190571180656,817.9917457245074,830.1316784787541,822.0188702530561
834.5848669133766,828.9425400253386,817.1634157807654,828.863366979002,820.8430257813015
833.9716697000205,828.9102733982454,817.0783342981349,828.689265056212,820.7166508939068
835.0893817235733,830.5485843085726,818.4170874883674,830.3548532474288,822.9460352061346
836.6195682497244,832.621362234369,820.3563019292784,832.4517244634453,824.9499141998164
832.8308819502756,828.8454447222441,816.0538770940855,829.386821609985,819.8963629884536
830.0550985794575,825.5487670428372,812.9082912605688,826.0805591339235,816.6263060970147
828.8451164757835,823.9686870546498,811.3786299287551,824.1173827013765,815.1600291567747
828.4956324690063,823.5804371408562,811.1534856813159,823.5184642090637,815.3287478376083
826.0346046294162,822.2539275436104,809.8221180364508,821.8303911352846,813.6846926142177
821.6554685963425,818.8741050356914,806.3793378573569,818.3647650025214,809.7584710477083
816.6127166935389,814.051376735539,801.418746043683,813.570364371933,804.6078245332511
816.1238920641669,813.9435477731774,801.5764356434347,812.8837712499496,804.9878026362334
815.8723239766362,814.5703343900093,802.0545266135398,813.265915779573,805.7068593331865
815.7571422935534,815.4497723076925,803.0370010952574,814.3054066715255,806.6090119059546
810.7539769139182,810.7965833045256,798.3772471628752,809.9824992571808,800.9669804397313
809.9851908781591,809.5783622146862,797.2767024292202,808.9551863089227,799.9323475953981
806.6143951479112,805.8858193035958,793.3766421056339,805.209303347958,796.0667203255462
807.7639142535122,807.2080616968518,794.9921070622918,805.9254058267642,797.8085929942448
802.6107730659533,802.2763555717253,790.0967049957258,801.4074543654326,792.5483778111841
805.8685207151135,805.6326756330534,794.2789259769863,804.4249912546047,797.3220004408058
794.5573118003616,794.7131632199331,782.8846378830146,794.1547503408786,784.674401710339
796.5169759957782,796.3748452782668,785.0400354429858,795.1457920552222,787.7385167722937
796.7812143966946,797.2850727139697,786.1480641959461,795.7991994600221,788.9012313856175
795.5718231366498,796.3251815887529,785.2368520208609,795.4593987238376,787.808564567021
805.4445247617426,807.0157092708432,796.6441386746789,806.1359431066992,800.1526009705719
800.36963753043,802.6335533703304,791.1992192081452,803.0015833021407,793.669142526822
796.7809846241721,797.8896698700539,785.6825778899345,798.9946459309291,788.2332498379595
800.3878223843565,800.4181851819774,788.1311651886615,801.4359133335811,791.8252508581174
793.7014091539154,792.7376447204615,779.4317148882831,794.1381082453179,783.1134584908143
797.1735345666016,795.779406198438,783.6291336806771,796.3155967920986,787.9264706957281
791.2154017586611,790.6181244986519,778.6368004342471,791.1533631775764,782.3389937912839
796.8073099903254,796.4374090536887,785.489864392819,796.2045510144216,789.6311202157759
789.969443842887,790.3746640987022,779.1893705262999,791.049013627699,782.5933191490851
790.6238359870692,790.9398388548483,779.8786224446155,791.330320844575,783.468358564194
787.577052338243,787.3517439675736,776.3946473346955,787.9805985371083,779.9603886379922
797.5851556284017,797.219554720401,787.3011940126157,797.3834153536152,791.5979730086833
790.8582367847021,791.2896182834402,780.6298144700775,792.2278123176004,783.8963262997402
801.0973271093013,801.2816374970212,791.1589761920554,802.1876305533804,795.5334511253864
800.9270984947483,801.3872015588034,790.615104631213,803.0537416647564,794.6505994445112
803.4213777008139,803.1848104765402,791.858961769638,805.4678959097491,796.2641933963426
805.8370418795262,804.9461809850083,793.3023599315626,807.5134293793021,798.158569370713
808.8049807284765,807.3371610298709,795.3294787746665,809.9207560979108,800.5581822974939
800.9861828576861,798.7227922121231,785.9594537795901,801.9143981994391,790.4574478561071
805.5397818846568,802.2767822921243,790.4572509082307,804.5799564087322,795.6697390558961
809.6514627014988,806.6456770356222,795.1354851163542,808.5277109430677,800.7798799570949
806.7167752190239,804.1724056030455,792.839072876838,806.4349099831645,797.6455858018286
799.6873444370827,797.5564668877307,785.7987771370455,799.9567363074331,789.9536551881242
803.6830557793362,800.8103740533,789.847237685544,802.4968387194215,794.6169213576366
811.3145562196137,808.6304192606412,798.2457844553385,809.892100181886,803.5841551207075
812.1818818428947,810.4185418556618,799.9256841922446,812.1981628673486,804.5671219721162
809.6276648330931,808.1138249806884,797.0794919555922,810.3709132942047,801.127164712585
815.7174572964468,813.2544271534462,802.7040607101028,815.4960550586604,807.1646018654465
814.3926217561509,811.2586886719914,799.8507455252518,814.0416606403003,804.0308329045174
809.6018318366309,805.6467574062203,793.7415208714208,808.5589928307786,797.4012391364347
810.4309823965249,805.7881003322259,794.3833411761559,807.7305644130985,798.5486574646868
818.7206498152834,814.1273986158523,804.0781332195137,815.3309799135415,808.7789179594917
812.7104242940194,809.4340650705337,799.2364979232211,811.3051027215436,802.1393454990017
811.7562446572199,808.8603230817615,798.8545503414744,810.6898703801307,801.5269032525052
811.8051862045199,808.3490792191192,798.2595708066906,810.2105977227668,801.3156438303565
821.020278870115,817.3468070783952,807.7514737126493,818.7896143966902,811.7366811681582
823.2760541977883,820.333455975609,810.103458077973,822.4529105481265,814.2424490003507
829.0169206733481,826.2687428298804,815.7903280107369,828.7588533058943,820.3782944421497
826.0979561963441,822.8071541285847,811.2706368431632,826.6157649882018,814.9601927114606
830.8692811007405,825.8162550837151,814.234045890955,829.7352880527337,818.560531191722
827.1973192427402,821.2993211864118,808.5742562912043,825.256299446295,812.4479255993451
837.1524763787772,830.0099318664562,818.4886452168143,833.2193288119457,824.1923870176615
830.1980170884749,823.7284106453694,811.4995231002551,827.1716175448622,815.306820974029
833.7481666848852,826.9409915815284,815.8830904605492,829.9508475035184,820.068035887434
829.4406868541965,822.8343657601822,811.4006552662725,825.7253964633751,814.7286476580366
830.1553450485753,823.0309525655347,811.9311343715158,825.773320446647,815.5988946748183
827.6599826291892,820.9068697179205,809.8712893562735,822.9386824854134,813.2551492956599
826.4815450103947,819.8731231390313,809.2209018189126,821.8251720165583,812.6753347473635
824.502579923085,818.6645196704925,808.2955093967221,819.7764217316899,811.1996699583458
822.4611167096456,817.0135056221337,806.9215025366034,818.0887753783097,809.3328666866796
826.1405954115975,821.0944297456019,811.3201035848006,821.5025713949178,814.1830363909521
818.9789141306138,814.56029004831,804.6507919949654,815.4647403463034,805.8560801742506
822.3883444692938,817.7165438918015,808.2756176611997,818.0763676620927,810.0374805393591
826.0698254746565,821.692987166808,812.5568377750271,821.9749837012517,814.7374446631851
821.7732434264652,817.9584943580319,808.0156464642735,818.6370454417265,809.4192611551532
820.1981199598354,816.129964623691,806.3928616115404,816.761510814204,807.4601549787199
821.2663652417509,816.7665658096998,806.8487302962517,817.5273098071701,808.7158946390247
826.327301998481,821.5577824496187,812.2003621186357,822.117015944825,814.7602249675622
823.5328414040453,819.6741729591614,809.7270906860591,821.1362483447035,811.9781392646973
820.6700727211241,817.2877883647495,807.0118687872523,818.7284620810497,808.6646225418531
824.4624025562873,820.486944020663,810.0455225776478,821.9555515107744,812.964913775051
819.2042553259294,815.4014216040218,803.9435849952458,817.2597889416461,806.3152969728616
824.2356170765444,820.27722735688,809.0128920367254,821.4670223032169,812.5872333972941
823.371967813624,820.1308294353785,808.6663622480951,821.5127142105555,811.8015426688055
821.4193280924678,818.2412786839814,806.506270763735,819.9355884405152,809.4237909563117
818.5663739787236,815.453842563806,803.59810559529,817.1668951932495,806.3115549632089
817.5275724043388,813.7589747882889,801.6857745395158,815.2163562494421,804.7440468144689
821.0702379814436,817.3833737341245,806.032085926513,818.0506987888609,809.586010357222
823.6840645485199,820.6360007384967,809.6299625583185,821.5371685718826,813.4401490009474
817.8316927502381,815.5095459881979,804.1670880103811,817.0641212263838,806.6934368956636
821.6802183794842,818.7552798168942,807.7443507644507,820.1645731715453,811.3140310252764
812.9698374719624,809.6638704177157,797.6146649852244,811.6053497592059,800.199343266585
815.9648566539258,811.9064174130201,800.1225664194119,812.8580039027795,804.1729636220289
815.6095298601472,812.1518472917346,800.6305934667387,812.7644536614614,804.7506773929763
810.5331326951151,807.6641273294395,796.0035985311408,808.2049133735509,799.1932022150462
806.4903836350339,804.0973684621146,792.9494293369474,804.7009480541703,795.715956157572
804.4961879119447,802.4205214172935,791.5525108738673,802.3155481991407,793.9608879811506
806.2248650729207,804.2602115313003,793.8324123164068,803.9742103900353,796.5745176003504
802.8932947947342,801.5903204687252,791.2029940424441,801.552112580692,793.4571609624596
791.3503438786818,790.3524089886622,779.4315835896988,790.5899609523183,780.7028164829518
785.7744212496566,784.0004460770951,773.6726963834429,783.6485658711543,775.0810049987117
786.3082812934458,784.4469597376745,775.1001417673742,783.2663556922389,776.7444924125796
786.3213126779382,785.8483751772671,777.1401606963864,784.3209459213866,778.6773388721516
766.0172339515295,766.7869390773787,757.4901786923454,766.2203200368053,757.6780997911337
768.1419404674192,768.9369205707474,761.0729231623096,767.027970453519,761.7071281491549
763.3419268223518,764.75601257533,757.2401861878263,762.9494753538604,757.3478182023114
769.3406637174891,771.8217145911858,764.8853745055177,769.7150288059922,765.2995230650656
759.2316902899372,763.2276314047132,755.7791283663125,762.0077034332778,755.1300538147947
761.8016631298553,765.4097154019446,758.161015984212,764.5428493237088,757.9601947995156
760.7099810506411,764.1209541476867,756.7153529217082,763.644734182408,756.6867298303293
747.7618070360512,750.8072448743883,741.8400111113174,751.3842693277682,741.9451156280545
757.5156506177008,760.3289197343383,752.1937907493082,759.6700634382896,753.6482836416067
754.4903014627625,757.8757698098067,749.4978697423943,757.824858783742,750.6673462328099
755.407586197372,759.1990625917372,751.033045614749,759.3739523060331,752.3085785366379
774.4207372428816,778.6656204735023,771.8550972562457,778.5757137678986,773.9885351279916
752.4599986289891,757.1508046765598,747.3368591679441,759.9091909849574,748.1112910428283
771.7071237517325,774.5065080430797,765.7566390863278,775.8681728362736,768.8208854468667
766.4750392903593,769.1592090739778,758.788721691134,771.9450039618494,761.7767820481292
771.8675049724626,773.214398674922,762.7565649088685,775.708415283819,766.6008233341247
770.1318689865184,771.26615745634,761.176813167142,774.2176183329599,765.0241242844833
769.4854532313327,770.1026222268642,759.7931886857228,773.1145461015572,763.596252180153
767.869200483169,768.0633254400659,757.9939713603284,770.977136447636,762.0644572463443
771.319727278737,771.4693748402,761.8960339873254,774.2723041933234,766.0632212806829
761.9026317411868,761.9915537074082,751.6944622331916,765.0103379331312,755.4068968798044
770.4676651158816,769.8003072364991,761.3044025664415,772.1923048453901,765.7741674473327
765.1753802536041,765.3210888575379,756.6404142547153,767.7614371700997,760.0958319225488
760.093402898739,759.9155917909422,751.0701702894614,762.5798041897463,754.5120970277574
760.4409174267516,759.8286393034855,751.7126470871181,762.2240506755685,755.3717088592102
768.1696116440617,767.7784731614134,760.6582165837783,769.5482796039232,764.3501686512393
760.669212840214,760.837275028126,753.3671077233148,763.6216912808623,756.3032066655709
764.3258127638505,764.4459181438447,757.7734553879861,766.589367532644,760.4832283955443
759.6763985949824,759.841243967579,752.4555673017687,762.3922769867108,755.1646509917593
767.3477481555968,766.7683603276995,760.3220265586623,768.9834987435299,763.191918189782
768.4358851730348,768.4842030520595,761.9029271630016,770.924026170284,764.356405333994
777.1049070265001,777.3068770738092,770.998636590816,779.8987111280144,773.7803612225741
772.0558856162959,772.4794548492679,765.1222699762523,776.0984705531467,767.550177747951
778.316530362478,778.2400489371197,770.774772504574,781.6314585451037,773.5725812129094
779.2192737788756,778.6463524062553,770.4705536847364,782.4730496458606,773.4655728666999
787.2013742638968,786.0257923893109,778.1872012569365,789.9706583547918,781.6501357687213
781.0619837603215,779.9461099169489,771.189807329566,784.5396237135486,773.974551828763
788.434103847302,786.6082000846473,778.6314500169366,790.6557087184096,781.62814325585
786.4273362847655,784.7762894117607,776.2026888044398,788.972198270435,778.8375231450052
788.1845380631819,786.0298626454244,777.3000167227792,790.1944239670958,780.3142383226975
789.2366992685199,787.1978620267666,778.2872507781778,791.0440242814952,781.3583246651007
790.9986606206176,788.899721451898,780.1532990829842,792.490507960151,783.082472024918
790.5060611569465,788.2662714319126,779.6002037965941,791.8016171129423,782.2658604798254
792.2031938330429,790.0441855620033,781.8451798157082,793.4115347044133,783.9523251459468
800.4490403492894,797.8460459154181,790.1088172901281,801.075761316829,792.9987319553544
801.8808842357948,799.4436214399643,791.7344578870697,803.195051766116,793.7928257932385
805.0520404686051,802.6185853317195,794.4941243566642,806.5828178383855,796.4807047618636
803.5067874299051,799.9356300600059,791.4136954456095,804.3793321719122,793.1514322089026
803.5796909688411,798.8915437176026,789.9708553026683,803.0714997982839,791.8362799391991
811.2611505204471,805.7873781900123,797.7265642036995,809.7001744762763,800.3511244300429
813.2621737699203,808.3121186676369,799.9708509052459,812.0830796582042,802.4526895704485
817.6346792244865,812.9185653747909,805.127832576396,816.9302623196836,807.6272980765416
813.3304818584056,808.3260363175734,799.8187086706812,813.0951619706827,801.4718234963888
816.2480020509822,810.1622141944499,801.748010068477,814.709937609773,803.5876345331917
811.5117995178878,804.7292100744422,795.7384410401344,809.1852542532733,797.2006148996147
814.5808382767539,807.038358276636,798.68123621019,810.8150307556207,800.5934359673801
818.7393926881932,811.5954695407369,804.2295204872187,814.7916053292115,806.3308558551018
813.3915028754618,807.3351587264602,799.9658287343963,810.8578012694584,800.7000504178368
817.074920534943,811.266238340589,804.1696811574211,814.345518389031,805.538600197398
815.0333916722113,809.6215266242768,802.1420371199799,812.8356174941554,803.0146475112792
818.2813247521947,812.283671070378,804.7781187970963,815.3957429402506,806.1899068248491
812.9260822187423,806.9907953644711,799.1810899206439,810.4747048250988,799.9811906687601
816.6807621848557,810.3375962784371,802.9866480881759,812.946499148602,804.2968438363218
803.3879293864618,797.0570727223219,789.0159863483011,799.9645157485531,788.642901420995
808.9812490779075,802.7055049945302,795.5683437241657,804.0931012581245,796.3550520166825
799.735924913276,794.536041429704,787.1470494746402,795.7201905369159,786.6931830933395
806.8148552615007,802.3897647239198,795.9455973815236,802.8647045280015,796.5980200469412
804.154155099827,801.6967051466593,795.4198778499615,802.2164177679895,795.0830313319238
804.342831165475,802.2545271820843,795.468556800093,803.1245116016975,795.2184001723435
809.6669559344468,807.784790728417,801.1048439532528,809.0105943115,801.3038269577689
803.3917042207606,801.3361920588004,793.0659896551654,803.3337030711434,792.7193285679507
814.6501311046216,811.3555213779173,803.4898499125295,813.2703142821472,805.030934221178
815.0875851628838,811.9883477296272,803.470319248114,814.512727136145,804.8721285834596
813.1313675553051,810.1569294264316,800.7686539281367,813.0056819854781,801.8053875498188
819.4135124446675,815.6586027060316,806.5663398660552,818.565717485802,808.8097074775114
813.8030254633237,809.8720114984872,799.5576214357882,813.4238351518472,801.0105715697209
814.2228526866429,809.273027356882,799.2067259692298,812.4314148023686,801.1498793676699
813.2505538452092,808.2700702960128,798.2410577063035,811.2046921291955,800.5751198148694
812.1493854432788,807.327313636048,797.3572869353382,809.6490336776891,799.5146211494279
807.2063548152558,803.0010581078036,793.1529093179761,805.233330988886,795.0820465925415
813.6263303934936,809.8008476657931,800.4993605317247,811.4937131378995,803.4478015409055
808.5176337767223,805.5505155439239,795.8212576221856,807.6165644172746,797.9653635039065
810.3647750853884,807.3401152480178,797.8824484479171,809.4491315830828,800.4280654004464
807.02293069298,804.1659719724146,794.4945182524172,806.2935342325128,796.5177309626381
801.2655205957976,797.7215420328498,787.5689774753082,799.949449236004,789.4195981964585
806.7036781852394,802.7797871686014,793.7190031642124,804.0198038234356,796.3438916370166
796.0275933474229,792.8323766490385,782.9091907182799,794.1535358289739,784.5100158827876
799.2345940937487,795.9120834178794,787.2188041509635,796.5400845466161,789.4944383895131
790.2456960642673,787.9359241937981,779.177422355128,788.3740019203358,780.284893089105
801.5214215366104,799.7533219756966,792.0256124977687,799.7319203064546,794.5837684650993
798.8285532217817,798.3727830110087,790.4855457531487,799.0271423305448,792.1193596869634
796.9286627068705,796.9705469552641,788.3437375966532,798.4022923678315,789.8420513914639
803.2943791451437,802.6795735241296,794.3030520918526,804.1882927317466,796.8304841904555
797.8723384569255,796.834554446569,786.9905087375009,799.4055776751616,789.0763836970821
803.4742582056432,801.8358816460238,792.0953320460353,804.0784614659744,795.1285262913859
803.0986786052351,801.5421010636387,791.2222949343371,804.1665299913979,794.4441980699818
804.3604908250643,802.7300906544415,792.1301261708766,805.5752325024195,795.5459244908955
809.018308103328,807.7035169047315,797.4246102844412,810.2792997070051,801.4214704893074
809.8808413282818,808.958271825654,797.8837286091141,812.1058599625812,801.8688047660387
810.6911505413277,809.4812340869457,798.1678915701988,812.7087830617155,802.1559547699164
804.1639696690038,802.2060451798293,790.0744170610399,806.320614565526,793.6897564045581
805.6125213003625,802.449932300178,790.6921769002006,805.5731645497167,794.7109311439999
807.1550827180843,803.60923315031,792.2982211834346,806.4779102695248,797.0322901145341
806.5862972508696,803.6771473430424,792.8200674067597,806.0675693689218,797.0316992709047
799.3987173241316,797.5518386126339,786.3959559231163,799.8921045793084,789.80870155105
812.2410318551246,810.2886547311368,800.4607587479386,812.0918110140606,805.4535187147676
812.8237021476295,812.0246517881878,801.7371122859795,814.1525751193931,805.6972745365322
813.0222256071006,812.2768763686402,801.3243423615668,815.3884558688214,805.3235987655966
814.3747323240391,812.4313163284304,801.3356340398171,815.5321293446987,805.4925143943065
816.2524662028487,813.0733335810419,801.4229475983808,816.4220054998341,805.8509595294626
814.6594861287533,810.3295542401484,798.6115494865696,813.7513922950452,802.8454692854007
817.6126538869692,812.9926506009856,801.426492660157,815.7918707691024,806.0439027991006
818.0635332254768,813.6692650305617,802.6715314858409,816.4460331407622,807.0437415185926
812.1385533100736,807.8351765601444,796.8466667409712,810.7019170252408,800.1292298225653
816.0954987453106,811.9490894529197,801.563699680757,814.2446810762838,805.5804844457916
814.5344242272016,810.6170324904867,800.212670072892,812.7329420012279,803.7949549978111
806.5823911179865,802.5280221331942,791.7424999253584,805.0401579467255,794.4573279284124
